{
  "torch_logistic_regression": {
    "train": {
      "auroc": 0.9788827851894129,
      "auprc": 0.9413535588166159,
      "accuracy": 0.8729874776386404,
      "sensitivity": 0.9618320610687023,
      "specificity": 0.8457943925233645,
      "f1": 0.7801857585139319,
      "precision": 0.65625,
      "recall": 0.9618320610687023
    },
    "val": {
      "auroc": 0.9423076923076923,
      "auprc": 0.8815799532220376,
      "accuracy": 0.8235294117647058,
      "sensitivity": 0.8571428571428571,
      "specificity": 0.8131868131868132,
      "f1": 0.6956521739130435,
      "precision": 0.5853658536585366,
      "recall": 0.8571428571428571
    },
    "test": {
      "auroc": 0.9888765294771968,
      "auprc": 0.9660531639611926,
      "accuracy": 0.9016393442622951,
      "sensitivity": 0.9655172413793104,
      "specificity": 0.8817204301075269,
      "f1": 0.8235294117647058,
      "precision": 0.717948717948718,
      "recall": 0.9655172413793104
    }
  },
  "torch_mlp": {
    "train": {
      "auroc": 1.0,
      "auprc": 1.0,
      "accuracy": 0.998211091234347,
      "sensitivity": 1.0,
      "specificity": 0.9976635514018691,
      "f1": 0.9961977186311787,
      "precision": 0.9924242424242424,
      "recall": 1.0
    },
    "val": {
      "auroc": 0.9776295133437991,
      "auprc": 0.9522587213379664,
      "accuracy": 0.9411764705882353,
      "sensitivity": 0.8571428571428571,
      "specificity": 0.967032967032967,
      "f1": 0.8727272727272727,
      "precision": 0.8888888888888888,
      "recall": 0.8571428571428571
    },
    "test": {
      "auroc": 0.9985168705969596,
      "auprc": 0.9951528477687811,
      "accuracy": 0.9836065573770492,
      "sensitivity": 1.0,
      "specificity": 0.978494623655914,
      "f1": 0.9666666666666667,
      "precision": 0.9354838709677419,
      "recall": 1.0
    }
  },
  "sklearn_logistic_regression": {
    "train": {
      "auroc": 0.9983948063066277,
      "auprc": 0.9950624826634344,
      "accuracy": 0.9803220035778175,
      "sensitivity": 0.9770992366412213,
      "specificity": 0.9813084112149533,
      "f1": 0.9588014981273408,
      "precision": 0.9411764705882353,
      "recall": 0.9770992366412213
    },
    "val": {
      "auroc": 0.9740973312401884,
      "auprc": 0.9424294360847887,
      "accuracy": 0.9411764705882353,
      "sensitivity": 0.8571428571428571,
      "specificity": 0.967032967032967,
      "f1": 0.8727272727272727,
      "precision": 0.8888888888888888,
      "recall": 0.8571428571428571
    },
    "test": {
      "auroc": 0.996292176492399,
      "auprc": 0.9878173726018553,
      "accuracy": 0.9672131147540983,
      "sensitivity": 0.9655172413793104,
      "specificity": 0.967741935483871,
      "f1": 0.9333333333333333,
      "precision": 0.9032258064516129,
      "recall": 0.9655172413793104
    }
  },
  "random_forest": {
    "train": {
      "auroc": 1.0,
      "auprc": 1.0,
      "accuracy": 0.998211091234347,
      "sensitivity": 1.0,
      "specificity": 0.9976635514018691,
      "f1": 0.9961977186311787,
      "precision": 0.9924242424242424,
      "recall": 1.0
    },
    "val": {
      "auroc": 0.9682103610675039,
      "auprc": 0.9401359925394251,
      "accuracy": 0.9411764705882353,
      "sensitivity": 0.8571428571428571,
      "specificity": 0.967032967032967,
      "f1": 0.8727272727272727,
      "precision": 0.8888888888888888,
      "recall": 0.8571428571428571
    },
    "test": {
      "auroc": 0.9909158324063775,
      "auprc": 0.9704962872271459,
      "accuracy": 0.9508196721311475,
      "sensitivity": 0.9310344827586207,
      "specificity": 0.956989247311828,
      "f1": 0.9,
      "precision": 0.8709677419354839,
      "recall": 0.9310344827586207
    }
  },
  "hist_gradient_boosting": {
    "train": {
      "auroc": 1.0,
      "auprc": 1.0,
      "accuracy": 1.0,
      "sensitivity": 1.0,
      "specificity": 1.0,
      "f1": 1.0,
      "precision": 1.0,
      "recall": 1.0
    },
    "val": {
      "auroc": 0.9713500784929356,
      "auprc": 0.9525022514809517,
      "accuracy": 0.9411764705882353,
      "sensitivity": 0.8571428571428571,
      "specificity": 0.967032967032967,
      "f1": 0.8727272727272727,
      "precision": 0.8888888888888888,
      "recall": 0.8571428571428571
    },
    "test": {
      "auroc": 0.9933259176863182,
      "auprc": 0.978389596410586,
      "accuracy": 0.9590163934426229,
      "sensitivity": 0.9310344827586207,
      "specificity": 0.967741935483871,
      "f1": 0.9152542372881356,
      "precision": 0.9,
      "recall": 0.9310344827586207
    }
  },
  "xgboost": {
    "train": {
      "auroc": 1.0,
      "auprc": 1.0,
      "accuracy": 1.0,
      "sensitivity": 1.0,
      "specificity": 1.0,
      "f1": 1.0,
      "precision": 1.0,
      "recall": 1.0
    },
    "val": {
      "auroc": 0.9697802197802198,
      "auprc": 0.9551920850204744,
      "accuracy": 0.9495798319327731,
      "sensitivity": 0.8571428571428571,
      "specificity": 0.978021978021978,
      "f1": 0.8888888888888888,
      "precision": 0.9230769230769231,
      "recall": 0.8571428571428571
    },
    "test": {
      "auroc": 0.9911012235817576,
      "auprc": 0.9728733735456891,
      "accuracy": 0.9508196721311475,
      "sensitivity": 0.9655172413793104,
      "specificity": 0.946236559139785,
      "f1": 0.9032258064516129,
      "precision": 0.8484848484848485,
      "recall": 0.9655172413793104
    }
  }
}