{
  "scan_count": {
    "mean": 3.032200357781753,
    "std": 0.8180538948251402
  },
  "ga_first": {
    "mean": 6.523076923076923,
    "std": 0.7010134850761546
  },
  "ga_latest": {
    "mean": 10.583363148479428,
    "std": 1.8078657674506198
  },
  "ga_span": {
    "mean": 4.060286225402504,
    "std": 1.6654933258006839
  },
  "age": {
    "mean": 30.284257602862258,
    "std": 4.7629509291607794
  },
  "bmi": {
    "mean": 25.283899821109124,
    "std": 4.253907143177639
  },
  "parity": {
    "mean": 0.554561717352415,
    "std": 0.7284365685808141
  },
  "gravidity": {
    "mean": 1.3971377459749552,
    "std": 0.8206949371823699
  },
  "previous_loss": {
    "mean": 0.19499105545617174,
    "std": 0.3965486744074831
  },
  "conception_ivf": {
    "mean": 0.13059033989266547,
    "std": 0.3372535744138262
  },
  "singleton": {
    "mean": 1.0,
    "std": 1.0
  },
  "FHR_latest": {
    "mean": 165.06940966010737,
    "std": 24.414537758310097
  },
  "FHR_mean": {
    "mean": 147.04446929039952,
    "std": 20.076128478964858
  },
  "FHR_slope": {
    "mean": 10.843398547094228,
    "std": 5.9934194382929995
  },
  "CRL_latest": {
    "mean": 10.51520572450805,
    "std": 6.058079227538679
  },
  "CRL_mean": {
    "mean": 5.6833959451401315,
    "std": 2.8347287986091603
  },
  "CRL_slope": {
    "mean": 1.9646223783699708,
    "std": 0.8475997789448254
  },
  "GS_latest": {
    "mean": 9.181574239713775,
    "std": 5.0732343212098465
  },
  "GS_mean": {
    "mean": 6.062219737626714,
    "std": 2.3395762439298493
  },
  "GS_slope": {
    "mean": 1.1581292245626937,
    "std": 1.106377397159071
  },
  "YSD_latest": {
    "mean": 4.035241502683363,
    "std": 0.7494989274767359
  },
  "YSD_mean": {
    "mean": 3.8795289206917114,
    "std": 0.6386016782417767
  },
  "YSD_slope": {
    "mean": 0.14291127415215288,
    "std": 0.19115190816034822
  }
}