{
  "train": {
    "auroc": 0.9905650281800671,
    "auprc": 0.9785623084395643,
    "accuracy": 0.960644007155635,
    "sensitivity": 0.9465648854961832,
    "specificity": 0.9649532710280374,
    "f1": 0.9185185185185185,
    "precision": 0.8920863309352518,
    "recall": 0.9465648854961832
  },
  "val": {
    "auroc": 0.9591836734693877,
    "auprc": 0.9251785905351918,
    "accuracy": 0.9159663865546218,
    "sensitivity": 0.7857142857142857,
    "specificity": 0.9560439560439561,
    "f1": 0.8148148148148148,
    "precision": 0.8461538461538461,
    "recall": 0.7857142857142857
  },
  "test": {
    "auroc": 0.9933259176863182,
    "auprc": 0.9805506529059316,
    "accuracy": 0.9426229508196722,
    "sensitivity": 0.9655172413793104,
    "specificity": 0.9354838709677419,
    "f1": 0.888888888888889,
    "precision": 0.8235294117647058,
    "recall": 0.9655172413793104
  }
}