{
  "train": {
    "auroc": 0.9778483270314619,
    "auprc": 0.9509732470987373,
    "accuracy": 0.9087656529516994,
    "sensitivity": 0.9312977099236641,
    "specificity": 0.9018691588785047,
    "f1": 0.8271186440677966,
    "precision": 0.7439024390243902,
    "recall": 0.9312977099236641
  },
  "val": {
    "auroc": 0.9301412872841445,
    "auprc": 0.8654646237682665,
    "accuracy": 0.8739495798319328,
    "sensitivity": 0.8214285714285714,
    "specificity": 0.8901098901098901,
    "f1": 0.7540983606557378,
    "precision": 0.696969696969697,
    "recall": 0.8214285714285714
  },
  "test": {
    "auroc": 0.968112717834631,
    "auprc": 0.8956360839757571,
    "accuracy": 0.9016393442622951,
    "sensitivity": 0.896551724137931,
    "specificity": 0.9032258064516129,
    "f1": 0.8125,
    "precision": 0.7428571428571429,
    "recall": 0.896551724137931
  }
}