{
  "train": {
    "auroc": 0.9342762359991439,
    "auprc": 0.8323710740671084,
    "accuracy": 0.8300536672629696,
    "sensitivity": 0.8931297709923665,
    "specificity": 0.8107476635514018,
    "f1": 0.7112462006079028,
    "precision": 0.5909090909090909,
    "recall": 0.8931297709923665
  },
  "val": {
    "auroc": 0.8850078492935636,
    "auprc": 0.7913882195594394,
    "accuracy": 0.7647058823529411,
    "sensitivity": 0.8214285714285714,
    "specificity": 0.7472527472527473,
    "f1": 0.6216216216216216,
    "precision": 0.5,
    "recall": 0.8214285714285714
  },
  "test": {
    "auroc": 0.9010011123470523,
    "auprc": 0.8351146147778571,
    "accuracy": 0.819672131147541,
    "sensitivity": 0.8275862068965517,
    "specificity": 0.8172043010752689,
    "f1": 0.6857142857142856,
    "precision": 0.5853658536585366,
    "recall": 0.8275862068965517
  }
}