{
  "train": {
    "auroc": 0.9985553256759649,
    "auprc": 0.9953982147286832,
    "accuracy": 0.9874776386404294,
    "sensitivity": 0.9923664122137404,
    "specificity": 0.985981308411215,
    "f1": 0.9737827715355806,
    "precision": 0.9558823529411765,
    "recall": 0.9923664122137404
  },
  "val": {
    "auroc": 0.9705651491365777,
    "auprc": 0.9324659550249889,
    "accuracy": 0.9327731092436975,
    "sensitivity": 0.7857142857142857,
    "specificity": 0.978021978021978,
    "f1": 0.8461538461538461,
    "precision": 0.9166666666666666,
    "recall": 0.7857142857142857
  },
  "test": {
    "auroc": 0.989618094178717,
    "auprc": 0.9727902126609023,
    "accuracy": 0.9344262295081968,
    "sensitivity": 0.896551724137931,
    "specificity": 0.946236559139785,
    "f1": 0.8666666666666666,
    "precision": 0.8387096774193549,
    "recall": 0.896551724137931
  }
}