{
  "train": {
    "auroc": 0.9958978383391596,
    "auprc": 0.9871502952649311,
    "accuracy": 0.960644007155635,
    "sensitivity": 0.9847328244274809,
    "specificity": 0.9532710280373832,
    "f1": 0.9214285714285714,
    "precision": 0.8657718120805369,
    "recall": 0.9847328244274809
  },
  "val": {
    "auroc": 0.9717425431711146,
    "auprc": 0.9371684119675469,
    "accuracy": 0.8991596638655462,
    "sensitivity": 0.9285714285714286,
    "specificity": 0.8901098901098901,
    "f1": 0.8125000000000001,
    "precision": 0.7222222222222222,
    "recall": 0.9285714285714286
  },
  "test": {
    "auroc": 0.985539488320356,
    "auprc": 0.956755138477886,
    "accuracy": 0.9508196721311475,
    "sensitivity": 0.9655172413793104,
    "specificity": 0.946236559139785,
    "f1": 0.9032258064516129,
    "precision": 0.8484848484848485,
    "recall": 0.9655172413793104
  }
}