{
  "train": {
    "auroc": 0.9953449382892202,
    "auprc": 0.9872740013391151,
    "accuracy": 0.9552772808586762,
    "sensitivity": 0.9618320610687023,
    "specificity": 0.9532710280373832,
    "f1": 0.9097472924187726,
    "precision": 0.863013698630137,
    "recall": 0.9618320610687023
  },
  "val": {
    "auroc": 0.9611459968602826,
    "auprc": 0.9299635331248709,
    "accuracy": 0.9411764705882353,
    "sensitivity": 0.8928571428571429,
    "specificity": 0.9560439560439561,
    "f1": 0.8771929824561403,
    "precision": 0.8620689655172413,
    "recall": 0.8928571428571429
  },
  "test": {
    "auroc": 0.9933259176863182,
    "auprc": 0.9807312357646062,
    "accuracy": 0.9426229508196722,
    "sensitivity": 0.9655172413793104,
    "specificity": 0.9354838709677419,
    "f1": 0.888888888888889,
    "precision": 0.8235294117647058,
    "recall": 0.9655172413793104
  }
}