{
  "train": {
    "auroc": 0.9727473781836341,
    "auprc": 0.9431271293092478,
    "accuracy": 0.9284436493738819,
    "sensitivity": 0.9083969465648855,
    "specificity": 0.9345794392523364,
    "f1": 0.856115107913669,
    "precision": 0.8095238095238095,
    "recall": 0.9083969465648855
  },
  "val": {
    "auroc": 0.9258241758241759,
    "auprc": 0.8499467567962847,
    "accuracy": 0.8739495798319328,
    "sensitivity": 0.7142857142857143,
    "specificity": 0.9230769230769231,
    "f1": 0.7272727272727273,
    "precision": 0.7407407407407407,
    "recall": 0.7142857142857143
  },
  "test": {
    "auroc": 0.9473489061920652,
    "auprc": 0.8645354751533139,
    "accuracy": 0.9262295081967213,
    "sensitivity": 0.8620689655172413,
    "specificity": 0.946236559139785,
    "f1": 0.847457627118644,
    "precision": 0.8333333333333334,
    "recall": 0.8620689655172413
  }
}