{
  "args": {
    "patients_csv": "data/generated/patients.csv",
    "scans_csv": "data/generated/scans.csv",
    "out_dir": "results/ensemble_smoke",
    "epochs": 3,
    "batch_size": 64,
    "lr": 0.001,
    "weight_decay": 0.0001,
    "patience": 3,
    "seed": 42,
    "learned_fusion": false,
    "device": "cpu"
  },
  "norm_stats": {
    "FHR": [
      149.23914454277283,
      28.346270598155257
    ],
    "CRL": [
      6.239911504424779,
      5.4069300216470335
    ],
    "GS": [
      6.389734513274336,
      4.184031485185854
    ],
    "YSD": [
      3.907905604719764,
      0.7428363369099144
    ],
    "age": [
      30.284257602862258,
      4.7629509291607794
    ],
    "bmi": [
      25.283899821109124,
      4.253907143177639
    ],
    "parity": [
      0.554561717352415,
      0.7284365685808141
    ],
    "gravidity": [
      1.3971377459749552,
      0.8206949371823699
    ]
  },
  "pos_weight": 3.267175572519084,
  "best_auroc": 0.9258241758241759,
  "fusion_weights": null
}