model,fold,split,auroc,auprc,accuracy,sensitivity,specificity,f1,precision,recall
preg,0,train,0.7372115384615384,0.49739859162427513,0.7764705882352941,0.05,1.0,0.09523809523809523,1.0,0.05
preg,0,val,0.7841614906832297,0.5465467664901094,0.7833333333333333,0.07142857142857142,1.0,0.13333333333333333,1.0,0.07142857142857142
preg,0,test,0.7966729244889446,0.6060875233936266,0.78,0.06382978723404255,1.0,0.12,1.0,0.06382978723404255
torch_logistic_regression,0,train,0.9007692307692309,0.7861616871896505,0.8323529411764706,0.825,0.8346153846153846,0.6984126984126984,0.6055045871559633,0.825
torch_logistic_regression,0,val,0.9099378881987576,0.8272598433312719,0.85,0.8571428571428571,0.8478260869565217,0.7272727272727273,0.631578947368421,0.8571428571428571
torch_logistic_regression,0,test,0.8921916284244193,0.80478037482197,0.835,0.7659574468085106,0.8562091503267973,0.6857142857142857,0.6206896551724138,0.7659574468085106
