model,split,n_folds,auroc_mean,auroc_std,auprc_mean,auprc_std,accuracy_mean,accuracy_std,sensitivity_mean,sensitivity_std,specificity_mean,specificity_std,f1_mean,f1_std,precision_mean,precision_std,recall_mean,recall_std
torch_logistic_regression,test,1,0.8921916284244193,0.0,0.80478037482197,0.0,0.835,0.0,0.7659574468085106,0.0,0.8562091503267973,0.0,0.6857142857142857,0.0,0.6206896551724138,0.0,0.7659574468085106,0.0
preg,test,1,0.7966729244889446,0.0,0.6060875233936266,0.0,0.78,0.0,0.06382978723404255,0.0,1.0,0.0,0.12,0.0,1.0,0.0,0.06382978723404255,0.0
torch_logistic_regression,val,1,0.9099378881987576,0.0,0.8272598433312719,0.0,0.85,0.0,0.8571428571428571,0.0,0.8478260869565217,0.0,0.7272727272727273,0.0,0.631578947368421,0.0,0.8571428571428571,0.0
torch_logistic_regression,train,1,0.9007692307692309,0.0,0.7861616871896505,0.0,0.8323529411764706,0.0,0.825,0.0,0.8346153846153846,0.0,0.6984126984126984,0.0,0.6055045871559633,0.0,0.825,0.0
preg,val,1,0.7841614906832297,0.0,0.5465467664901094,0.0,0.7833333333333333,0.0,0.07142857142857142,0.0,1.0,0.0,0.13333333333333333,0.0,1.0,0.0,0.07142857142857142,0.0
preg,train,1,0.7372115384615384,0.0,0.49739859162427513,0.0,0.7764705882352941,0.0,0.05,0.0,1.0,0.0,0.09523809523809523,0.0,1.0,0.0,0.05,0.0
