clinical_group,mean_attention,n
primary_rationale,0.1616192182444707,1077
temporal_same_variable,0.1349872674474705,1896
additional_physio,0.13385962486308597,1795
maternal_to_us,0.11225952444361323,6821
